first_order_month,months_since,cohort_state,n_active,n_cohort,retention_pct
2016-10-01,0,AL,1,1,1
2016-10-01,0,BA,3,3,1
2016-10-01,0,CE,6,6,1
2016-10-01,0,DF,6,6,1
2016-10-01,0,ES,3,3,1
2016-10-01,0,GO,7,7,1
2016-10-01,0,MA,4,4,1
2016-10-01,0,MG,34,34,1
2016-10-01,0,MT,1,1,1
2016-10-01,0,PA,4,4,1
2016-10-01,0,PB,1,1,1
2016-10-01,0,PE,6,6,1
2016-10-01,0,PI,1,1,1
2016-10-01,0,PR,19,19,1
2016-10-01,0,RJ,40,40,1
2016-10-01,0,RN,4,4,1
2016-10-01,0,RR,1,1,1
2016-10-01,0,RS,17,17,1
2016-10-01,0,SC,9,9,1
2016-10-01,0,SE,3,3,1
2016-10-01,0,SP,92,92,1
2016-10-01,6,SP,1,92,0.010869565217391304
2016-10-01,9,RJ,1,40,0.025
2016-10-01,11,SP,1,92,0.010869565217391304
2016-10-01,13,SC,1,9,0.1111111111111111
2016-10-01,15,SP,1,92,0.010869565217391304
2016-10-01,17,RJ,1,40,0.025
2016-10-01,19,MG,2,34,0.058823529411764705
2016-10-01,20,GO,1,7,0.14285714285714285
2016-10-01,20,SP,1,92,0.010869565217391304
2016-12-01,0,PR,1,1,1
2016-12-01,1,PR,1,1,1
2017-01-01,0,AC,1,1,1
2017-01-01,0,AL,2,2,1
2017-01-01,0,BA,23,23,1
2017-01-01,0,CE,8,8,1
2017-01-01,0,DF,13,13,1
2017-01-01,0,ES,9,9,1
2017-01-01,0,GO,17,17,1
2017-01-01,0,MA,6,6,1
2017-01-01,0,MG,100,100,1
2017-01-01,0,MS,1,1,1
2017-01-01,0,MT,9,9,1
2017-01-01,0,PA,10,10,1
2017-01-01,0,PB,2,2,1
2017-01-01,0,PE,9,9,1
2017-01-01,0,PI,7,7,1
2017-01-01,0,PR,47,47,1
2017-01-01,0,RJ,87,87,1
2017-01-01,0,RN,5,5,1
2017-01-01,0,RO,3,3,1
2017-01-01,0,RS,49,49,1
2017-01-01,0,SC,26,26,1
2017-01-01,0,SE,4,4,1
2017-01-01,0,SP,277,277,1
2017-01-01,0,TO,2,2,1
2017-01-01,1,RJ,1,87,0.011494252873563218
2017-01-01,1,SP,1,277,0.0036101083032490976
2017-01-01,2,MG,1,100,0.01
2017-01-01,2,RJ,1,87,0.011494252873563218
2017-01-01,3,PR,1,47,0.021276595744680851
2017-01-01,4,MG,1,100,0.01
2017-01-01,4,RS,1,49,0.020408163265306121
2017-01-01,4,SP,1,277,0.0036101083032490976
2017-01-01,5,SP,1,277,0.0036101083032490976
2017-01-01,6,RJ,1,87,0.011494252873563218
2017-01-01,6,RS,1,49,0.020408163265306121
2017-01-01,6,SP,1,277,0.0036101083032490976
2017-01-01,7,SP,1,277,0.0036101083032490976
2017-01-01,8,RO,1,3,0.33333333333333331
2017-01-01,10,DF,1,13,0.076923076923076927
2017-01-01,10,MG,1,100,0.01
2017-01-01,10,MT,1,9,0.1111111111111111
2017-01-01,11,MG,1,100,0.01
2017-01-01,12,DF,1,13,0.076923076923076927
2017-01-01,12,MG,1,100,0.01
2017-01-01,12,PR,1,47,0.021276595744680851
2017-01-01,12,RS,1,49,0.020408163265306121
2017-01-01,12,SP,1,277,0.0036101083032490976
2017-01-01,13,ES,1,9,0.1111111111111111
2017-01-01,13,MG,1,100,0.01
2017-01-01,13,SP,1,277,0.0036101083032490976
2017-01-01,14,RO,1,3,0.33333333333333331
2017-01-01,15,MG,1,100,0.01
2017-01-01,16,MG,1,100,0.01
2017-01-01,16,SP,1,277,0.0036101083032490976
2017-01-01,17,MG,1,100,0.01
2017-01-01,17,RJ,1,87,0.011494252873563218
2017-01-01,17,SP,1,277,0.0036101083032490976
2017-01-01,19,SP,1,277,0.0036101083032490976
2017-02-01,0,AC,3,3,1
2017-02-01,0,AL,12,12,1
2017-02-01,0,AM,5,5,1
2017-02-01,0,AP,2,2,1
2017-02-01,0,BA,57,57,1
2017-02-01,0,CE,13,13,1
2017-02-01,0,DF,21,21,1
2017-02-01,0,ES,30,30,1
2017-02-01,0,GO,24,24,1
2017-02-01,0,MA,11,11,1
2017-02-01,0,MG,235,235,1
2017-02-01,0,MS,11,11,1
2017-02-01,0,MT,17,17,1
2017-02-01,0,PA,24,24,1
2017-02-01,0,PB,11,11,1
2017-02-01,0,PE,20,20,1
2017-02-01,0,PI,10,10,1
2017-02-01,0,PR,107,107,1
2017-02-01,0,RJ,228,228,1
2017-02-01,0,RN,8,8,1
2017-02-01,0,RO,9,9,1
2017-02-01,0,RR,2,2,1
2017-02-01,0,RS,100,100,1
2017-02-01,0,SC,56,56,1
2017-02-01,0,SE,12,12,1
2017-02-01,0,SP,592,592,1
2017-02-01,0,TO,7,7,1
2017-02-01,1,MG,1,235,0.00425531914893617
2017-02-01,1,SC,1,56,0.017857142857142856
2017-02-01,1,SP,1,592,0.0016891891891891893
2017-02-01,2,MG,1,235,0.00425531914893617
2017-02-01,2,RJ,2,228,0.008771929824561403
2017-02-01,2,SP,2,592,0.0033783783783783786
2017-02-01,3,RJ,1,228,0.0043859649122807015
2017-02-01,3,SP,1,592,0.0016891891891891893
2017-02-01,4,BA,1,57,0.017543859649122806
2017-02-01,4,DF,1,21,0.047619047619047616
2017-02-01,4,PR,1,107,0.0093457943925233638
2017-02-01,4,RJ,1,228,0.0043859649122807015
2017-02-01,4,SP,3,592,0.0050675675675675678
2017-02-01,5,GO,1,24,0.041666666666666664
2017-02-01,5,PR,1,107,0.0093457943925233638
2017-02-01,6,MG,1,235,0.00425531914893617
2017-02-01,6,RJ,1,228,0.0043859649122807015
2017-02-01,6,SP,2,592,0.0033783783783783786
2017-02-01,7,SP,3,592,0.0050675675675675678
2017-02-01,8,RJ,1,228,0.0043859649122807015
2017-02-01,8,SP,1,592,0.0016891891891891893
2017-02-01,9,MG,1,235,0.00425531914893617
2017-02-01,9,RJ,2,228,0.008771929824561403
2017-02-01,10,MG,1,235,0.00425531914893617
2017-02-01,10,SP,1,592,0.0016891891891891893
2017-02-01,11,MG,1,235,0.00425531914893617
2017-02-01,11,PR,1,107,0.0093457943925233638
2017-02-01,11,RJ,2,228,0.008771929824561403
2017-02-01,11,SP,1,592,0.0016891891891891893
2017-02-01,12,PR,1,107,0.0093457943925233638
2017-02-01,12,SP,1,592,0.0016891891891891893
2017-02-01,13,RJ,1,228,0.0043859649122807015
2017-02-01,13,RS,1,100,0.01
2017-02-01,13,SP,1,592,0.0016891891891891893
2017-02-01,14,RS,1,100,0.01
2017-02-01,14,SP,1,592,0.0016891891891891893
2017-02-01,15,RS,1,100,0.01
2017-02-01,16,PR,1,107,0.0093457943925233638
2017-02-01,17,RJ,2,228,0.008771929824561403
2017-02-01,17,SE,1,12,0.083333333333333329
2017-03-01,0,AC,2,2,1
2017-03-01,0,AL,10,10,1
2017-03-01,0,AM,5,5,1
2017-03-01,0,AP,3,3,1
2017-03-01,0,BA,86,86,1
2017-03-01,0,CE,26,26,1
2017-03-01,0,DF,51,51,1
2017-03-01,0,ES,46,46,1
2017-03-01,0,GO,47,47,1
2017-03-01,0,MA,22,22,1
2017-03-01,0,MG,336,336,1
2017-03-01,0,MS,19,19,1
2017-03-01,0,MT,16,16,1
2017-03-01,0,PA,35,35,1
2017-03-01,0,PB,15,15,1
2017-03-01,0,PE,36,36,1
2017-03-01,0,PI,13,13,1
2017-03-01,0,PR,121,121,1
2017-03-01,0,RJ,364,364,1
2017-03-01,0,RN,13,13,1
2017-03-01,0,RO,15,15,1
2017-03-01,0,RR,2,2,1
2017-03-01,0,RS,141,141,1
2017-03-01,0,SC,103,103,1
2017-03-01,0,SE,21,21,1
2017-03-01,0,SP,948,948,1
2017-03-01,0,TO,6,6,1
2017-03-01,1,ES,1,46,0.021739130434782608
2017-03-01,1,MG,1,336,0.002976190476190476
2017-03-01,1,RJ,1,364,0.0027472527472527475
2017-03-01,1,SP,8,948,0.0084388185654008432
2017-03-01,2,ES,2,46,0.043478260869565216
2017-03-01,2,MG,1,336,0.002976190476190476
2017-03-01,2,PE,1,36,0.027777777777777776
2017-03-01,2,PR,1,121,0.0082644628099173556
2017-03-01,2,RJ,2,364,0.0054945054945054949
2017-03-01,2,SP,2,948,0.0021097046413502108
2017-03-01,3,MG,2,336,0.0059523809523809521
2017-03-01,3,SC,1,103,0.0097087378640776691
2017-03-01,3,SP,7,948,0.0073839662447257384
2017-03-01,4,MT,1,16,0.0625
2017-03-01,4,RJ,1,364,0.0027472527472527475
2017-03-01,4,RS,1,141,0.0070921985815602835
2017-03-01,4,SE,1,21,0.047619047619047616
2017-03-01,4,SP,5,948,0.0052742616033755272
2017-03-01,5,ES,1,46,0.021739130434782608
2017-03-01,5,PR,1,121,0.0082644628099173556
2017-03-01,5,SP,2,948,0.0021097046413502108
2017-03-01,6,BA,1,86,0.011627906976744186
2017-03-01,6,MG,1,336,0.002976190476190476
2017-03-01,6,PR,1,121,0.0082644628099173556
2017-03-01,6,SP,1,948,0.0010548523206751054
2017-03-01,7,AL,1,10,0.1
2017-03-01,7,MG,1,336,0.002976190476190476
2017-03-01,7,RJ,2,364,0.0054945054945054949
2017-03-01,7,SP,4,948,0.0042194092827004216
2017-03-01,8,DF,1,51,0.0196078431372549
2017-03-01,8,MG,1,336,0.002976190476190476
2017-03-01,8,PE,1,36,0.027777777777777776
2017-03-01,8,RJ,2,364,0.0054945054945054949
2017-03-01,8,RN,1,13,0.076923076923076927
2017-03-01,8,SP,2,948,0.0021097046413502108
2017-03-01,9,RJ,1,364,0.0027472527472527475
2017-03-01,9,SP,1,948,0.0010548523206751054
2017-03-01,10,DF,1,51,0.0196078431372549
2017-03-01,10,MG,2,336,0.0059523809523809521
2017-03-01,10,RS,1,141,0.0070921985815602835
2017-03-01,10,SC,1,103,0.0097087378640776691
2017-03-01,10,SP,4,948,0.0042194092827004216
2017-03-01,11,ES,1,46,0.021739130434782608
2017-03-01,11,MG,1,336,0.002976190476190476
2017-03-01,11,SP,1,948,0.0010548523206751054
2017-03-01,12,BA,2,86,0.023255813953488372
2017-03-01,12,ES,1,46,0.021739130434782608
2017-03-01,12,RJ,1,364,0.0027472527472527475
2017-03-01,12,SP,1,948,0.0010548523206751054
2017-03-01,13,PA,1,35,0.028571428571428571
2017-03-01,13,RJ,1,364,0.0027472527472527475
2017-03-01,13,SP,1,948,0.0010548523206751054
2017-03-01,14,ES,1,46,0.021739130434782608
2017-03-01,14,SP,3,948,0.0031645569620253164
2017-03-01,15,RS,1,141,0.0070921985815602835
2017-03-01,15,SP,5,948,0.0052742616033755272
2017-03-01,16,ES,1,46,0.021739130434782608
2017-03-01,16,RS,1,141,0.0070921985815602835
2017-03-01,17,MG,1,336,0.002976190476190476
2017-03-01,17,RJ,1,364,0.0027472527472527475
2017-03-01,17,SP,1,948,0.0010548523206751054
2017-04-01,0,AC,5,5,1
2017-04-01,0,AL,21,21,1
2017-04-01,0,AM,13,13,1
2017-04-01,0,BA,84,84,1
2017-04-01,0,CE,42,42,1
2017-04-01,0,DF,34,34,1
2017-04-01,0,ES,44,44,1
2017-04-01,0,GO,37,37,1
2017-04-01,0,MA,25,25,1
2017-04-01,0,MG,262,262,1
2017-04-01,0,MS,15,15,1
2017-04-01,0,MT,24,24,1
2017-04-01,0,PA,34,34,1
2017-04-01,0,PB,20,20,1
2017-04-01,0,PE,36,36,1
2017-04-01,0,PI,11,11,1
2017-04-01,0,PR,111,111,1
2017-04-01,0,RJ,315,315,1
2017-04-01,0,RN,10,10,1
2017-04-01,0,RO,7,7,1
2017-04-01,0,RR,2,2,1
2017-04-01,0,RS,128,128,1
2017-04-01,0,SC,100,100,1
2017-04-01,0,SE,13,13,1
2017-04-01,0,SP,848,848,1
2017-04-01,0,TO,13,13,1
2017-04-01,1,BA,1,84,0.011904761904761904
2017-04-01,1,CE,1,42,0.023809523809523808
2017-04-01,1,MG,4,262,0.015267175572519083
2017-04-01,1,PR,2,111,0.018018018018018018
2017-04-01,1,RJ,2,315,0.0063492063492063492
2017-04-01,1,SP,4,848,0.0047169811320754715
2017-04-01,2,AC,1,5,0.2
2017-04-01,2,BA,1,84,0.011904761904761904
2017-04-01,2,MG,1,262,0.0038167938931297708
2017-04-01,2,SP,2,848,0.0023584905660377358
2017-04-01,3,PR,1,111,0.0090090090090090089
2017-04-01,3,RJ,1,315,0.0031746031746031746
2017-04-01,3,RS,2,128,0.015625
2017-04-01,4,BA,1,84,0.011904761904761904
2017-04-01,4,MG,1,262,0.0038167938931297708
2017-04-01,4,SP,4,848,0.0047169811320754715
2017-04-01,5,AL,1,21,0.047619047619047616
2017-04-01,5,MG,1,262,0.0038167938931297708
2017-04-01,5,RJ,2,315,0.0063492063492063492
2017-04-01,5,SC,1,100,0.01
2017-04-01,5,SP,1,848,0.0011792452830188679
2017-04-01,6,MG,2,262,0.0076335877862595417
2017-04-01,6,RJ,1,315,0.0031746031746031746
2017-04-01,6,SC,1,100,0.01
2017-04-01,6,SP,4,848,0.0047169811320754715
2017-04-01,7,BA,1,84,0.011904761904761904
2017-04-01,7,DF,1,34,0.029411764705882353
2017-04-01,7,ES,1,44,0.022727272727272728
2017-04-01,7,MG,1,262,0.0038167938931297708
2017-04-01,7,RJ,2,315,0.0063492063492063492
2017-04-01,7,SP,1,848,0.0011792452830188679
2017-04-01,8,BA,1,84,0.011904761904761904
2017-04-01,8,MG,1,262,0.0038167938931297708
2017-04-01,8,RS,2,128,0.015625
2017-04-01,8,SP,3,848,0.0035377358490566039
2017-04-01,9,MG,1,262,0.0038167938931297708
2017-04-01,9,PE,1,36,0.027777777777777776
2017-04-01,9,RJ,1,315,0.0031746031746031746
2017-04-01,9,SP,1,848,0.0011792452830188679
2017-04-01,10,GO,1,37,0.027027027027027029
2017-04-01,10,RJ,1,315,0.0031746031746031746
2017-04-01,10,SC,1,100,0.01
2017-04-01,10,SP,3,848,0.0035377358490566039
2017-04-01,11,BA,1,84,0.011904761904761904
2017-04-01,11,PR,1,111,0.0090090090090090089
2017-04-01,12,SP,1,848,0.0011792452830188679
2017-04-01,13,MG,1,262,0.0038167938931297708
2017-04-01,14,AM,1,13,0.076923076923076927
2017-04-01,14,RJ,1,315,0.0031746031746031746
2017-04-01,15,RJ,2,315,0.0063492063492063492
2017-04-01,16,MG,1,262,0.0038167938931297708
2017-04-01,16,RJ,1,315,0.0031746031746031746
2017-04-01,16,SP,1,848,0.0011792452830188679
2017-05-01,0,AC,8,8,1
2017-05-01,0,AL,24,24,1
2017-05-01,0,AM,8,8,1
2017-05-01,0,AP,4,4,1
2017-05-01,0,BA,115,115,1
2017-05-01,0,CE,61,61,1
2017-05-01,0,DF,57,57,1
2017-05-01,0,ES,87,87,1
2017-05-01,0,GO,81,81,1
2017-05-01,0,MA,31,31,1
2017-05-01,0,MG,400,400,1
2017-05-01,0,MS,23,23,1
2017-05-01,0,MT,36,36,1
2017-05-01,0,PA,34,34,1
2017-05-01,0,PB,17,17,1
2017-05-01,0,PE,60,60,1
2017-05-01,0,PI,23,23,1
2017-05-01,0,PR,199,199,1
2017-05-01,0,RJ,454,454,1
2017-05-01,0,RN,17,17,1
2017-05-01,0,RO,8,8,1
2017-05-01,0,RR,2,2,1
2017-05-01,0,RS,201,201,1
2017-05-01,0,SC,145,145,1
2017-05-01,0,SE,11,11,1
2017-05-01,0,SP,1328,1328,1
2017-05-01,0,TO,17,17,1
2017-05-01,1,BA,1,115,0.0086956521739130436
2017-05-01,1,ES,1,87,0.011494252873563218
2017-05-01,1,MA,1,31,0.032258064516129031
2017-05-01,1,MG,1,400,0.0025
2017-05-01,1,MT,1,36,0.027777777777777776
2017-05-01,1,PA,1,34,0.029411764705882353
2017-05-01,1,PE,1,60,0.016666666666666666
2017-05-01,1,RJ,2,454,0.0044052863436123352
2017-05-01,1,SP,7,1328,0.0052710843373493972
2017-05-01,2,CE,1,61,0.016393442622950821
2017-05-01,2,ES,2,87,0.022988505747126436
2017-05-01,2,MG,1,400,0.0025
2017-05-01,2,PR,1,199,0.0050251256281407036
2017-05-01,2,RJ,3,454,0.0066079295154185024
2017-05-01,2,RS,2,201,0.0099502487562189053
2017-05-01,2,SP,6,1328,0.0045180722891566263
2017-05-01,3,ES,3,87,0.034482758620689655
2017-05-01,3,GO,1,81,0.012345679012345678
2017-05-01,3,MT,1,36,0.027777777777777776
2017-05-01,3,RJ,1,454,0.0022026431718061676
2017-05-01,3,RS,2,201,0.0099502487562189053
2017-05-01,3,SP,2,1328,0.0015060240963855422
2017-05-01,4,ES,1,87,0.011494252873563218
2017-05-01,4,PI,1,23,0.043478260869565216
2017-05-01,4,PR,1,199,0.0050251256281407036
2017-05-01,4,SP,7,1328,0.0052710843373493972
2017-05-01,5,DF,1,57,0.017543859649122806
2017-05-01,5,ES,1,87,0.011494252873563218
2017-05-01,5,MG,1,400,0.0025
2017-05-01,5,PI,1,23,0.043478260869565216
2017-05-01,5,RJ,2,454,0.0044052863436123352
2017-05-01,5,RN,1,17,0.058823529411764705
2017-05-01,5,RS,1,201,0.0049751243781094526
2017-05-01,5,SP,3,1328,0.0022590361445783132
2017-05-01,6,BA,2,115,0.017391304347826087
2017-05-01,6,MG,3,400,0.0075
2017-05-01,6,PR,1,199,0.0050251256281407036
2017-05-01,6,RJ,3,454,0.0066079295154185024
2017-05-01,6,RS,1,201,0.0049751243781094526
2017-05-01,6,SC,2,145,0.013793103448275862
2017-05-01,6,SP,2,1328,0.0015060240963855422
2017-05-01,7,MG,2,400,0.005
2017-05-01,7,SP,3,1328,0.0022590361445783132
2017-05-01,8,MA,1,31,0.032258064516129031
2017-05-01,8,MG,1,400,0.0025
2017-05-01,8,PR,1,199,0.0050251256281407036
2017-05-01,8,RJ,2,454,0.0044052863436123352
2017-05-01,8,RO,1,8,0.125
2017-05-01,8,RS,1,201,0.0049751243781094526
2017-05-01,8,SC,1,145,0.0068965517241379309
2017-05-01,8,SP,1,1328,0.00075301204819277112
2017-05-01,9,ES,1,87,0.011494252873563218
2017-05-01,9,PA,1,34,0.029411764705882353
2017-05-01,9,RJ,3,454,0.0066079295154185024
2017-05-01,9,RS,1,201,0.0049751243781094526
2017-05-01,9,SP,3,1328,0.0022590361445783132
2017-05-01,10,PR,1,199,0.0050251256281407036
2017-05-01,10,RJ,2,454,0.0044052863436123352
2017-05-01,10,RS,1,201,0.0049751243781094526
2017-05-01,10,SP,4,1328,0.0030120481927710845
2017-05-01,10,TO,1,17,0.058823529411764705
2017-05-01,11,BA,1,115,0.0086956521739130436
2017-05-01,11,ES,1,87,0.011494252873563218
2017-05-01,11,GO,2,81,0.024691358024691357
2017-05-01,11,PR,1,199,0.0050251256281407036
2017-05-01,11,RJ,2,454,0.0044052863436123352
2017-05-01,11,SC,1,145,0.0068965517241379309
2017-05-01,11,SP,4,1328,0.0030120481927710845
2017-05-01,12,DF,1,57,0.017543859649122806
2017-05-01,12,PE,1,60,0.016666666666666666
2017-05-01,12,RJ,2,454,0.0044052863436123352
2017-05-01,12,SP,4,1328,0.0030120481927710845
2017-05-01,13,RS,1,201,0.0049751243781094526
2017-05-01,14,MG,1,400,0.0025
2017-05-01,14,PR,1,199,0.0050251256281407036
2017-05-01,14,SP,4,1328,0.0030120481927710845
2017-05-01,15,BA,1,115,0.0086956521739130436
2017-05-01,15,PE,1,60,0.016666666666666666
2017-05-01,15,RJ,3,454,0.0066079295154185024
2017-05-01,15,SC,1,145,0.0068965517241379309
2017-05-01,15,SP,1,1328,0.00075301204819277112
2017-06-01,0,AC,3,3,1
2017-06-01,0,AL,10,10,1
2017-06-01,0,AM,1,1,1
2017-06-01,0,AP,2,2,1
2017-06-01,0,BA,97,97,1
2017-06-01,0,CE,43,43,1
2017-06-01,0,DF,67,67,1
2017-06-01,0,ES,78,78,1
2017-06-01,0,GO,72,72,1
2017-06-01,0,MA,14,14,1
2017-06-01,0,MG,344,344,1
2017-06-01,0,MS,26,26,1
2017-06-01,0,MT,23,23,1
2017-06-01,0,PA,33,33,1
2017-06-01,0,PB,22,22,1
2017-06-01,0,PE,39,39,1
2017-06-01,0,PI,14,14,1
2017-06-01,0,PR,163,163,1
2017-06-01,0,RJ,390,390,1
2017-06-01,0,RN,12,12,1
2017-06-01,0,RO,10,10,1
2017-06-01,0,RR,3,3,1
2017-06-01,0,RS,210,210,1
2017-06-01,0,SC,105,105,1
2017-06-01,0,SE,8,8,1
2017-06-01,0,SP,1238,1238,1
2017-06-01,0,TO,8,8,1
2017-06-01,1,BA,1,97,0.010309278350515464
2017-06-01,1,MG,1,344,0.0029069767441860465
2017-06-01,1,MS,1,26,0.038461538461538464
2017-06-01,1,MT,2,23,0.086956521739130432
2017-06-01,1,PR,1,163,0.0061349693251533744
2017-06-01,1,RJ,4,390,0.010256410256410256
2017-06-01,1,RS,1,210,0.0047619047619047623
2017-06-01,1,SP,3,1238,0.0024232633279483036
2017-06-01,2,DF,1,67,0.014925373134328358
2017-06-01,2,ES,1,78,0.01282051282051282
2017-06-01,2,PE,2,39,0.05128205128205128
2017-06-01,2,PR,1,163,0.0061349693251533744
2017-06-01,2,RO,1,10,0.1
2017-06-01,2,RS,2,210,0.0095238095238095247
2017-06-01,2,SP,3,1238,0.0024232633279483036
2017-06-01,3,ES,1,78,0.01282051282051282
2017-06-01,3,PR,2,163,0.012269938650306749
2017-06-01,3,RJ,1,390,0.0025641025641025641
2017-06-01,3,RS,2,210,0.0095238095238095247
2017-06-01,3,SC,1,105,0.0095238095238095247
2017-06-01,3,SP,5,1238,0.0040387722132471729
2017-06-01,4,ES,1,78,0.01282051282051282
2017-06-01,4,GO,1,72,0.013888888888888888
2017-06-01,4,MG,1,344,0.0029069767441860465
2017-06-01,4,PE,1,39,0.02564102564102564
2017-06-01,4,PR,1,163,0.0061349693251533744
2017-06-01,4,RS,1,210,0.0047619047619047623
2017-06-01,4,SP,2,1238,0.0016155088852988692
2017-06-01,5,CE,1,43,0.023255813953488372
2017-06-01,5,GO,1,72,0.013888888888888888
2017-06-01,5,MG,1,344,0.0029069767441860465
2017-06-01,5,RJ,3,390,0.0076923076923076927
2017-06-01,5,RO,1,10,0.1
2017-06-01,5,SP,4,1238,0.0032310177705977385
2017-06-01,6,ES,1,78,0.01282051282051282
2017-06-01,6,MT,1,23,0.043478260869565216
2017-06-01,6,PB,1,22,0.045454545454545456
2017-06-01,6,RJ,1,390,0.0025641025641025641
2017-06-01,6,RS,1,210,0.0047619047619047623
2017-06-01,6,SC,1,105,0.0095238095238095247
2017-06-01,6,SP,5,1238,0.0040387722132471729
2017-06-01,7,MG,1,344,0.0029069767441860465
2017-06-01,7,PR,1,163,0.0061349693251533744
2017-06-01,7,RJ,3,390,0.0076923076923076927
2017-06-01,7,SC,1,105,0.0095238095238095247
2017-06-01,7,SP,1,1238,0.00080775444264943462
2017-06-01,8,GO,1,72,0.013888888888888888
2017-06-01,8,MG,1,344,0.0029069767441860465
2017-06-01,8,RJ,1,390,0.0025641025641025641
2017-06-01,8,SP,1,1238,0.00080775444264943462
2017-06-01,9,MG,2,344,0.0058139534883720929
2017-06-01,9,RS,3,210,0.014285714285714285
2017-06-01,9,SP,1,1238,0.00080775444264943462
2017-06-01,10,AC,1,3,0.33333333333333331
2017-06-01,10,PR,1,163,0.0061349693251533744
2017-06-01,10,RJ,1,390,0.0025641025641025641
2017-06-01,10,SP,6,1238,0.0048465266558966073
2017-06-01,11,PR,1,163,0.0061349693251533744
2017-06-01,11,RJ,2,390,0.0051282051282051282
2017-06-01,11,RS,1,210,0.0047619047619047623
2017-06-01,11,SP,6,1238,0.0048465266558966073
2017-06-01,12,MG,1,344,0.0029069767441860465
2017-06-01,12,PR,1,163,0.0061349693251533744
2017-06-01,12,RJ,1,390,0.0025641025641025641
2017-06-01,12,SP,2,1238,0.0016155088852988692
2017-06-01,13,PR,1,163,0.0061349693251533744
2017-06-01,13,RJ,1,390,0.0025641025641025641
2017-06-01,13,RS,1,210,0.0047619047619047623
2017-06-01,13,SC,1,105,0.0095238095238095247
2017-06-01,14,RJ,1,390,0.0025641025641025641
2017-06-01,14,RS,1,210,0.0047619047619047623
2017-06-01,14,SP,4,1238,0.0032310177705977385
2017-07-01,0,AC,5,5,1
2017-07-01,0,AL,14,14,1
2017-07-01,0,AM,5,5,1
2017-07-01,0,AP,1,1,1
2017-07-01,0,BA,143,143,1
2017-07-01,0,CE,51,51,1
2017-07-01,0,DF,75,75,1
2017-07-01,0,ES,79,79,1
2017-07-01,0,GO,76,76,1
2017-07-01,0,MA,37,37,1
2017-07-01,0,MG,427,427,1
2017-07-01,0,MS,21,21,1
2017-07-01,0,MT,34,34,1
2017-07-01,0,PA,35,35,1
2017-07-01,0,PB,26,26,1
2017-07-01,0,PE,69,69,1
2017-07-01,0,PI,20,20,1
2017-07-01,0,PR,187,187,1
2017-07-01,0,RJ,525,525,1
2017-07-01,0,RN,27,27,1
2017-07-01,0,RO,10,10,1
2017-07-01,0,RR,1,1,1
2017-07-01,0,RS,231,231,1
2017-07-01,0,SC,146,146,1
2017-07-01,0,SE,12,12,1
2017-07-01,0,SP,1492,1492,1
2017-07-01,0,TO,1,1,1
2017-07-01,1,ES,1,79,0.012658227848101266
2017-07-01,1,MG,4,427,0.00936768149882904
2017-07-01,1,PB,1,26,0.038461538461538464
2017-07-01,1,PE,1,69,0.014492753623188406
2017-07-01,1,PI,1,20,0.05
2017-07-01,1,RJ,1,525,0.0019047619047619048
2017-07-01,1,RS,2,231,0.008658008658008658
2017-07-01,1,SC,1,146,0.00684931506849315
2017-07-01,1,SP,8,1492,0.0053619302949061663
2017-07-01,2,DF,1,75,0.013333333333333334
2017-07-01,2,ES,1,79,0.012658227848101266
2017-07-01,2,GO,1,76,0.013157894736842105
2017-07-01,2,MG,1,427,0.00234192037470726
2017-07-01,2,RJ,2,525,0.0038095238095238095
2017-07-01,2,RN,1,27,0.037037037037037035
2017-07-01,2,SP,6,1492,0.0040214477211796247
2017-07-01,3,MG,1,427,0.00234192037470726
2017-07-01,3,PE,1,69,0.014492753623188406
2017-07-01,3,RJ,1,525,0.0019047619047619048
2017-07-01,3,SC,1,146,0.00684931506849315
2017-07-01,3,SP,5,1492,0.003351206434316354
2017-07-01,4,MG,2,427,0.00468384074941452
2017-07-01,4,PE,1,69,0.014492753623188406
2017-07-01,4,RS,1,231,0.004329004329004329
2017-07-01,4,SC,1,146,0.00684931506849315
2017-07-01,4,SP,5,1492,0.003351206434316354
2017-07-01,4,TO,1,1,1
2017-07-01,5,MG,1,427,0.00234192037470726
2017-07-01,5,RJ,4,525,0.007619047619047619
2017-07-01,5,SP,3,1492,0.0020107238605898124
2017-07-01,6,BA,2,143,0.013986013986013986
2017-07-01,6,PA,1,35,0.028571428571428571
2017-07-01,6,PB,1,26,0.038461538461538464
2017-07-01,6,PI,1,20,0.05
2017-07-01,6,RJ,2,525,0.0038095238095238095
2017-07-01,6,SC,1,146,0.00684931506849315
2017-07-01,6,SP,4,1492,0.0026809651474530832
2017-07-01,7,PR,1,187,0.0053475935828877
2017-07-01,7,SC,2,146,0.0136986301369863
2017-07-01,7,SP,1,1492,0.00067024128686327079
2017-07-01,8,MG,1,427,0.00234192037470726
2017-07-01,8,RJ,2,525,0.0038095238095238095
2017-07-01,8,RS,1,231,0.004329004329004329
2017-07-01,8,SP,3,1492,0.0020107238605898124
2017-07-01,9,MG,1,427,0.00234192037470726
2017-07-01,9,RJ,2,525,0.0038095238095238095
2017-07-01,9,RS,2,231,0.008658008658008658
2017-07-01,9,SP,5,1492,0.003351206434316354
2017-07-01,10,ES,1,79,0.012658227848101266
2017-07-01,10,MA,1,37,0.027027027027027029
2017-07-01,10,MG,1,427,0.00234192037470726
2017-07-01,10,PR,1,187,0.0053475935828877
2017-07-01,10,SP,4,1492,0.0026809651474530832
2017-07-01,11,MG,2,427,0.00468384074941452
2017-07-01,11,PE,1,69,0.014492753623188406
2017-07-01,11,RJ,1,525,0.0019047619047619048
2017-07-01,11,RS,1,231,0.004329004329004329
2017-07-01,11,SC,1,146,0.00684931506849315
2017-07-01,11,SP,5,1492,0.003351206434316354
2017-07-01,12,MG,1,427,0.00234192037470726
2017-07-01,12,RS,1,231,0.004329004329004329
2017-07-01,12,SC,1,146,0.00684931506849315
2017-07-01,12,SE,1,12,0.083333333333333329
2017-07-01,12,SP,1,1492,0.00067024128686327079
2017-07-01,13,MG,1,427,0.00234192037470726
2017-07-01,13,PE,1,69,0.014492753623188406
2017-07-01,13,PR,1,187,0.0053475935828877
2017-07-01,13,RJ,2,525,0.0038095238095238095
2017-07-01,13,RS,1,231,0.004329004329004329
2017-07-01,13,SP,3,1492,0.0020107238605898124
2017-08-01,0,AC,4,4,1
2017-08-01,0,AL,17,17,1
2017-08-01,0,AM,5,5,1
2017-08-01,0,AP,3,3,1
2017-08-01,0,BA,146,146,1
2017-08-01,0,CE,72,72,1
2017-08-01,0,DF,81,81,1
2017-08-01,0,ES,86,86,1
2017-08-01,0,GO,82,82,1
2017-08-01,0,MA,37,37,1
2017-08-01,0,MG,448,448,1
2017-08-01,0,MS,23,23,1
2017-08-01,0,MT,36,36,1
2017-08-01,0,PA,57,57,1
2017-08-01,0,PB,14,14,1
2017-08-01,0,PE,79,79,1
2017-08-01,0,PI,19,19,1
2017-08-01,0,PR,214,214,1
2017-08-01,0,RJ,526,526,1
2017-08-01,0,RN,20,20,1
2017-08-01,0,RO,13,13,1
2017-08-01,0,RS,284,284,1
2017-08-01,0,SC,146,146,1
2017-08-01,0,SE,19,19,1
2017-08-01,0,SP,1608,1608,1
2017-08-01,0,TO,15,15,1
2017-08-01,1,AP,1,3,0.33333333333333331
2017-08-01,1,BA,1,146,0.00684931506849315
2017-08-01,1,DF,1,81,0.012345679012345678
2017-08-01,1,MG,6,448,0.013392857142857142
2017-08-01,1,MT,1,36,0.027777777777777776
2017-08-01,1,PA,1,57,0.017543859649122806
2017-08-01,1,RJ,2,526,0.0038022813688212928
2017-08-01,1,RO,1,13,0.076923076923076927
2017-08-01,1,RS,4,284,0.014084507042253521
2017-08-01,1,SC,3,146,0.020547945205479451
2017-08-01,1,SP,7,1608,0.0043532338308457713
2017-08-01,2,MA,1,37,0.027027027027027029
2017-08-01,2,RJ,3,526,0.0057034220532319393
2017-08-01,2,RS,1,284,0.0035211267605633804
2017-08-01,2,SC,2,146,0.0136986301369863
2017-08-01,2,SP,7,1608,0.0043532338308457713
2017-08-01,3,ES,1,86,0.011627906976744186
2017-08-01,3,MA,1,37,0.027027027027027029
2017-08-01,3,RJ,3,526,0.0057034220532319393
2017-08-01,3,RS,2,284,0.0070422535211267607
2017-08-01,3,SP,4,1608,0.0024875621890547263
2017-08-01,4,CE,1,72,0.013888888888888888
2017-08-01,4,MG,2,448,0.004464285714285714
2017-08-01,4,RJ,4,526,0.0076045627376425855
2017-08-01,4,SP,7,1608,0.0043532338308457713
2017-08-01,5,BA,2,146,0.0136986301369863
2017-08-01,5,MG,2,448,0.004464285714285714
2017-08-01,5,PR,2,214,0.0093457943925233638
2017-08-01,5,RJ,1,526,0.0019011406844106464
2017-08-01,5,SC,1,146,0.00684931506849315
2017-08-01,5,SP,13,1608,0.00808457711442786
2017-08-01,6,BA,1,146,0.00684931506849315
2017-08-01,6,ES,1,86,0.011627906976744186
2017-08-01,6,MG,2,448,0.004464285714285714
2017-08-01,6,PR,2,214,0.0093457943925233638
2017-08-01,6,RJ,1,526,0.0019011406844106464
2017-08-01,6,RO,1,13,0.076923076923076927
2017-08-01,6,SP,4,1608,0.0024875621890547263
2017-08-01,7,BA,1,146,0.00684931506849315
2017-08-01,7,MA,1,37,0.027027027027027029
2017-08-01,7,MG,2,448,0.004464285714285714
2017-08-01,7,RJ,1,526,0.0019011406844106464
2017-08-01,7,RS,1,284,0.0035211267605633804
2017-08-01,7,SC,1,146,0.00684931506849315
2017-08-01,7,SP,4,1608,0.0024875621890547263
2017-08-01,8,BA,1,146,0.00684931506849315
2017-08-01,8,RS,1,284,0.0035211267605633804
2017-08-01,8,SC,1,146,0.00684931506849315
2017-08-01,8,SP,3,1608,0.0018656716417910447
2017-08-01,9,ES,1,86,0.011627906976744186
2017-08-01,9,RJ,1,526,0.0019011406844106464
2017-08-01,9,RO,1,13,0.076923076923076927
2017-08-01,9,SP,3,1608,0.0018656716417910447
2017-08-01,10,PR,2,214,0.0093457943925233638
2017-08-01,10,RJ,3,526,0.0057034220532319393
2017-08-01,10,RS,1,284,0.0035211267605633804
2017-08-01,10,SP,4,1608,0.0024875621890547263
2017-08-01,11,MG,1,448,0.002232142857142857
2017-08-01,11,RS,2,284,0.0070422535211267607
2017-08-01,11,SP,5,1608,0.0031094527363184081
2017-08-01,12,GO,1,82,0.012195121951219513
2017-08-01,12,RJ,2,526,0.0038022813688212928
2017-08-01,12,SP,1,1608,0.00062189054726368158
2017-09-01,0,AC,5,5,1
2017-09-01,0,AL,18,18,1
2017-09-01,0,AM,9,9,1
2017-09-01,0,AP,1,1,1
2017-09-01,0,BA,162,162,1
2017-09-01,0,CE,73,73,1
2017-09-01,0,DF,90,90,1
2017-09-01,0,ES,85,85,1
2017-09-01,0,GO,81,81,1
2017-09-01,0,MA,39,39,1
2017-09-01,0,MG,477,477,1
2017-09-01,0,MS,31,31,1
2017-09-01,0,MT,32,32,1
2017-09-01,0,PA,40,40,1
2017-09-01,0,PB,25,25,1
2017-09-01,0,PE,72,72,1
2017-09-01,0,PI,21,21,1
2017-09-01,0,PR,168,168,1
2017-09-01,0,RJ,574,574,1
2017-09-01,0,RN,21,21,1
2017-09-01,0,RO,13,13,1
2017-09-01,0,RR,1,1,1
2017-09-01,0,RS,263,263,1
2017-09-01,0,SC,145,145,1
2017-09-01,0,SE,16,16,1
2017-09-01,0,SP,1525,1525,1
2017-09-01,0,TO,15,15,1
2017-09-01,1,BA,1,162,0.0061728395061728392
2017-09-01,1,DF,2,90,0.022222222222222223
2017-09-01,1,GO,1,81,0.012345679012345678
2017-09-01,1,MG,3,477,0.0062893081761006293
2017-09-01,1,MS,2,31,0.064516129032258063
2017-09-01,1,PE,1,72,0.013888888888888888
2017-09-01,1,PI,1,21,0.047619047619047616
2017-09-01,1,PR,1,168,0.0059523809523809521
2017-09-01,1,RJ,4,574,0.0069686411149825784
2017-09-01,1,RS,1,263,0.0038022813688212928
2017-09-01,1,SC,2,145,0.013793103448275862
2017-09-01,1,SP,9,1525,0.0059016393442622951
2017-09-01,2,MG,5,477,0.010482180293501049
2017-09-01,2,MS,1,31,0.032258064516129031
2017-09-01,2,PR,2,168,0.011904761904761904
2017-09-01,2,RS,2,263,0.0076045627376425855
2017-09-01,2,SP,12,1525,0.0078688524590163934
2017-09-01,3,DF,1,90,0.011111111111111112
2017-09-01,3,MG,1,477,0.0020964360587002098
2017-09-01,3,PE,1,72,0.013888888888888888
2017-09-01,3,RS,2,263,0.0076045627376425855
2017-09-01,3,SP,6,1525,0.0039344262295081967
2017-09-01,4,MG,3,477,0.0062893081761006293
2017-09-01,4,RJ,1,574,0.0017421602787456446
2017-09-01,4,RS,2,263,0.0076045627376425855
2017-09-01,4,SC,1,145,0.0068965517241379309
2017-09-01,4,SP,11,1525,0.0072131147540983606
2017-09-01,5,AM,1,9,0.1111111111111111
2017-09-01,5,RJ,2,574,0.0034843205574912892
2017-09-01,5,RS,1,263,0.0038022813688212928
2017-09-01,5,SP,5,1525,0.0032786885245901639
2017-09-01,6,MG,1,477,0.0020964360587002098
2017-09-01,6,PR,1,168,0.0059523809523809521
2017-09-01,6,RJ,2,574,0.0034843205574912892
2017-09-01,6,SP,5,1525,0.0032786885245901639
2017-09-01,7,BA,1,162,0.0061728395061728392
2017-09-01,7,MG,2,477,0.0041928721174004195
2017-09-01,7,SP,7,1525,0.0045901639344262295
2017-09-01,8,MG,2,477,0.0041928721174004195
2017-09-01,8,PR,1,168,0.0059523809523809521
2017-09-01,8,RJ,2,574,0.0034843205574912892
2017-09-01,8,SC,1,145,0.0068965517241379309
2017-09-01,8,SP,5,1525,0.0032786885245901639
2017-09-01,9,MT,1,32,0.03125
2017-09-01,9,RJ,1,574,0.0017421602787456446
2017-09-01,9,RS,1,263,0.0038022813688212928
2017-09-01,9,SP,4,1525,0.0026229508196721311
2017-09-01,10,BA,1,162,0.0061728395061728392
2017-09-01,10,DF,1,90,0.011111111111111112
2017-09-01,10,MA,1,39,0.02564102564102564
2017-09-01,10,MG,1,477,0.0020964360587002098
2017-09-01,10,RJ,1,574,0.0017421602787456446
2017-09-01,10,RS,1,263,0.0038022813688212928
2017-09-01,10,SP,4,1525,0.0026229508196721311
2017-09-01,11,SP,3,1525,0.0019672131147540984
2017-10-01,0,AC,5,5,1
2017-10-01,0,AL,27,27,1
2017-10-01,0,AM,3,3,1
2017-10-01,0,AP,3,3,1
2017-10-01,0,BA,155,155,1
2017-10-01,0,CE,63,63,1
2017-10-01,0,DF,88,88,1
2017-10-01,0,ES,96,96,1
2017-10-01,0,GO,104,104,1
2017-10-01,0,MA,47,47,1
2017-10-01,0,MG,524,524,1
2017-10-01,0,MS,30,30,1
2017-10-01,0,MT,50,50,1
2017-10-01,0,PA,51,51,1
2017-10-01,0,PB,27,27,1
2017-10-01,0,PE,73,73,1
2017-10-01,0,PI,20,20,1
2017-10-01,0,PR,194,194,1
2017-10-01,0,RJ,623,623,1
2017-10-01,0,RN,22,22,1
2017-10-01,0,RO,12,12,1
2017-10-01,0,RR,3,3,1
2017-10-01,0,RS,238,238,1
2017-10-01,0,SC,168,168,1
2017-10-01,0,SE,21,21,1
2017-10-01,0,SP,1666,1666,1
2017-10-01,0,TO,13,13,1
2017-10-01,1,AL,1,27,0.037037037037037035
2017-10-01,1,BA,2,155,0.012903225806451613
2017-10-01,1,CE,1,63,0.015873015873015872
2017-10-01,1,GO,4,104,0.038461538461538464
2017-10-01,1,MG,6,524,0.011450381679389313
2017-10-01,1,PR,1,194,0.0051546391752577319
2017-10-01,1,RJ,2,623,0.0032102728731942215
2017-10-01,1,SC,3,168,0.017857142857142856
2017-10-01,1,SP,11,1666,0.0066026410564225691
2017-10-01,2,BA,1,155,0.0064516129032258064
2017-10-01,2,MG,1,524,0.0019083969465648854
2017-10-01,2,PR,1,194,0.0051546391752577319
2017-10-01,2,RJ,1,623,0.0016051364365971107
2017-10-01,2,RS,1,238,0.0042016806722689074
2017-10-01,2,SP,6,1666,0.0036014405762304922
2017-10-01,3,MG,1,524,0.0019083969465648854
2017-10-01,3,PE,1,73,0.0136986301369863
2017-10-01,3,RJ,1,623,0.0016051364365971107
2017-10-01,3,SP,1,1666,0.00060024009603841532
2017-10-01,4,GO,1,104,0.0096153846153846159
2017-10-01,4,PE,1,73,0.0136986301369863
2017-10-01,4,PR,1,194,0.0051546391752577319
2017-10-01,4,RJ,1,623,0.0016051364365971107
2017-10-01,4,RS,1,238,0.0042016806722689074
2017-10-01,4,SP,5,1666,0.0030012004801920769
2017-10-01,5,GO,1,104,0.0096153846153846159
2017-10-01,5,MG,2,524,0.0038167938931297708
2017-10-01,5,PE,1,73,0.0136986301369863
2017-10-01,5,RJ,2,623,0.0032102728731942215
2017-10-01,5,SP,3,1666,0.0018007202881152461
2017-10-01,6,BA,1,155,0.0064516129032258064
2017-10-01,6,MG,1,524,0.0019083969465648854
2017-10-01,6,PE,1,73,0.0136986301369863
2017-10-01,6,PR,1,194,0.0051546391752577319
2017-10-01,6,RS,1,238,0.0042016806722689074
2017-10-01,6,SP,4,1666,0.0024009603841536613
2017-10-01,7,CE,1,63,0.015873015873015872
2017-10-01,7,GO,1,104,0.0096153846153846159
2017-10-01,7,MA,1,47,0.021276595744680851
2017-10-01,7,PE,1,73,0.0136986301369863
2017-10-01,7,PR,1,194,0.0051546391752577319
2017-10-01,7,RJ,2,623,0.0032102728731942215
2017-10-01,7,SC,2,168,0.011904761904761904
2017-10-01,7,SP,6,1666,0.0036014405762304922
2017-10-01,7,TO,1,13,0.076923076923076927
2017-10-01,8,ES,1,96,0.010416666666666666
2017-10-01,8,GO,2,104,0.019230769230769232
2017-10-01,8,MG,2,524,0.0038167938931297708
2017-10-01,8,PE,1,73,0.0136986301369863
2017-10-01,8,RJ,1,623,0.0016051364365971107
2017-10-01,8,SP,5,1666,0.0030012004801920769
2017-10-01,9,CE,1,63,0.015873015873015872
2017-10-01,9,MG,2,524,0.0038167938931297708
2017-10-01,9,MT,1,50,0.02
2017-10-01,9,PA,1,51,0.0196078431372549
2017-10-01,9,RJ,1,623,0.0016051364365971107
2017-10-01,9,SP,2,1666,0.0012004801920768306
2017-10-01,10,CE,1,63,0.015873015873015872
2017-10-01,10,GO,1,104,0.0096153846153846159
2017-10-01,10,MG,1,524,0.0019083969465648854
2017-10-01,10,RJ,2,623,0.0032102728731942215
2017-10-01,10,RS,1,238,0.0042016806722689074
2017-10-01,10,SP,3,1666,0.0018007202881152461
2017-11-01,0,AC,5,5,1
2017-11-01,0,AL,25,25,1
2017-11-01,0,AM,10,10,1
2017-11-01,0,AP,4,4,1
2017-11-01,0,BA,230,230,1
2017-11-01,0,CE,100,100,1
2017-11-01,0,DF,152,152,1
2017-11-01,0,ES,165,165,1
2017-11-01,0,GO,146,146,1
2017-11-01,0,MA,51,51,1
2017-11-01,0,MG,893,893,1
2017-11-01,0,MS,43,43,1
2017-11-01,0,MT,72,72,1
2017-11-01,0,PA,69,69,1
2017-11-01,0,PB,27,27,1
2017-11-01,0,PE,120,120,1
2017-11-01,0,PI,31,31,1
2017-11-01,0,PR,356,356,1
2017-11-01,0,RJ,979,979,1
2017-11-01,0,RN,40,40,1
2017-11-01,0,RO,16,16,1
2017-11-01,0,RR,2,2,1
2017-11-01,0,RS,399,399,1
2017-11-01,0,SC,280,280,1
2017-11-01,0,SE,26,26,1
2017-11-01,0,SP,2801,2801,1
2017-11-01,0,TO,16,16,1
2017-11-01,1,DF,1,152,0.0065789473684210523
2017-11-01,1,MG,6,893,0.0067189249720044789
2017-11-01,1,MT,2,72,0.027777777777777776
2017-11-01,1,PA,1,69,0.014492753623188406
2017-11-01,1,PB,1,27,0.037037037037037035
2017-11-01,1,PR,1,356,0.0028089887640449437
2017-11-01,1,RJ,9,979,0.0091930541368743617
2017-11-01,1,RS,1,399,0.0025062656641604009
2017-11-01,1,SC,1,280,0.0035714285714285713
2017-11-01,1,SP,17,2801,0.0060692609782220632
2017-11-01,2,DF,1,152,0.0065789473684210523
2017-11-01,2,ES,1,165,0.0060606060606060606
2017-11-01,2,MG,3,893,0.0033594624860022394
2017-11-01,2,PE,1,120,0.0083333333333333332
2017-11-01,2,PI,1,31,0.032258064516129031
2017-11-01,2,PR,2,356,0.0056179775280898875
2017-11-01,2,RJ,5,979,0.0051072522982635342
2017-11-01,2,RN,1,40,0.025
2017-11-01,2,SC,1,280,0.0035714285714285713
2017-11-01,2,SP,10,2801,0.003570153516601214
2017-11-01,3,AC,1,5,0.2
2017-11-01,3,MG,4,893,0.0044792833146696529
2017-11-01,3,RJ,2,979,0.0020429009193054137
2017-11-01,3,SP,5,2801,0.001785076758300607
2017-11-01,4,MG,3,893,0.0033594624860022394
2017-11-01,4,PA,1,69,0.014492753623188406
2017-11-01,4,RJ,1,979,0.0010214504596527069
2017-11-01,4,RS,2,399,0.0050125313283208017
2017-11-01,4,SP,5,2801,0.001785076758300607
2017-11-01,5,BA,1,230,0.0043478260869565218
2017-11-01,5,GO,1,146,0.00684931506849315
2017-11-01,5,MG,1,893,0.0011198208286674132
2017-11-01,5,RJ,2,979,0.0020429009193054137
2017-11-01,5,SP,8,2801,0.0028561228132809712
2017-11-01,6,MG,3,893,0.0033594624860022394
2017-11-01,6,SC,1,280,0.0035714285714285713
2017-11-01,6,SP,4,2801,0.0014280614066404856
2017-11-01,7,DF,2,152,0.013157894736842105
2017-11-01,7,MG,3,893,0.0033594624860022394
2017-11-01,7,RS,1,399,0.0025062656641604009
2017-11-01,7,SP,7,2801,0.0024991074616208496
2017-11-01,8,GO,1,146,0.00684931506849315
2017-11-01,8,MG,1,893,0.0011198208286674132
2017-11-01,8,RJ,1,979,0.0010214504596527069
2017-11-01,8,RN,1,40,0.025
2017-11-01,8,SP,5,2801,0.001785076758300607
2017-11-01,9,RS,1,399,0.0025062656641604009
2017-11-01,9,SP,3,2801,0.0010710460549803642
2017-12-01,0,AC,5,5,1
2017-12-01,0,AL,12,12,1
2017-12-01,0,AM,6,6,1
2017-12-01,0,AP,4,4,1
2017-12-01,0,BA,183,183,1
2017-12-01,0,CE,76,76,1
2017-12-01,0,DF,128,128,1
2017-12-01,0,ES,103,103,1
2017-12-01,0,GO,123,123,1
2017-12-01,0,MA,38,38,1
2017-12-01,0,MG,643,643,1
2017-12-01,0,MS,33,33,1
2017-12-01,0,MT,47,47,1
2017-12-01,0,PA,56,56,1
2017-12-01,0,PB,35,35,1
2017-12-01,0,PE,98,98,1
2017-12-01,0,PI,23,23,1
2017-12-01,0,PR,257,257,1
2017-12-01,0,RJ,719,719,1
2017-12-01,0,RN,29,29,1
2017-12-01,0,RO,10,10,1
2017-12-01,0,RS,270,270,1
2017-12-01,0,SC,187,187,1
2017-12-01,0,SE,20,20,1
2017-12-01,0,SP,2217,2217,1
2017-12-01,0,TO,14,14,1
2017-12-01,1,DF,2,128,0.015625
2017-12-01,1,RJ,5,719,0.006954102920723227
2017-12-01,1,SP,4,2217,0.0018042399639152007
2017-12-01,2,CE,1,76,0.013157894736842105
2017-12-01,2,MG,2,643,0.0031104199066874028
2017-12-01,2,PE,1,98,0.01020408163265306
2017-12-01,2,PR,1,257,0.0038910505836575876
2017-12-01,2,SE,1,20,0.05
2017-12-01,2,SP,9,2217,0.0040595399188092015
2017-12-01,3,MG,1,643,0.0015552099533437014
2017-12-01,3,PR,1,257,0.0038910505836575876
2017-12-01,3,RJ,3,719,0.004172461752433936
2017-12-01,3,RS,1,270,0.0037037037037037038
2017-12-01,3,SP,12,2217,0.0054127198917456026
2017-12-01,4,GO,1,123,0.008130081300813009
2017-12-01,4,MG,1,643,0.0015552099533437014
2017-12-01,4,MT,1,47,0.021276595744680851
2017-12-01,4,PA,1,56,0.017857142857142856
2017-12-01,4,RJ,1,719,0.0013908205841446453
2017-12-01,4,RS,1,270,0.0037037037037037038
2017-12-01,4,SP,8,2217,0.0036084799278304014
2017-12-01,5,GO,1,123,0.008130081300813009
2017-12-01,5,MG,2,643,0.0031104199066874028
2017-12-01,5,PR,1,257,0.0038910505836575876
2017-12-01,5,RJ,1,719,0.0013908205841446453
2017-12-01,5,RS,1,270,0.0037037037037037038
2017-12-01,5,SP,4,2217,0.0018042399639152007
2017-12-01,5,TO,1,14,0.071428571428571425
2017-12-01,6,DF,1,128,0.0078125
2017-12-01,6,RJ,3,719,0.004172461752433936
2017-12-01,6,SP,5,2217,0.0022552999548940008
2017-12-01,7,SP,1,2217,0.00045105999097880018
2017-12-01,8,MG,1,643,0.0015552099533437014
2017-12-01,8,MS,1,33,0.030303030303030304
2017-12-01,8,PR,1,257,0.0038910505836575876
2017-12-01,8,RJ,2,719,0.0027816411682892906
2017-12-01,8,SP,5,2217,0.0022552999548940008
2018-01-01,0,AC,6,6,1
2018-01-01,0,AL,35,35,1
2018-01-01,0,AM,12,12,1
2018-01-01,0,AP,11,11,1
2018-01-01,0,BA,224,224,1
2018-01-01,0,CE,76,76,1
2018-01-01,0,DF,128,128,1
2018-01-01,0,ES,140,140,1
2018-01-01,0,GO,143,143,1
2018-01-01,0,MA,54,54,1
2018-01-01,0,MG,816,816,1
2018-01-01,0,MS,68,68,1
2018-01-01,0,MT,80,80,1
2018-01-01,0,PA,67,67,1
2018-01-01,0,PB,30,30,1
2018-01-01,0,PE,100,100,1
2018-01-01,0,PI,44,44,1
2018-01-01,0,PR,359,359,1
2018-01-01,0,RJ,814,814,1
2018-01-01,0,RN,40,40,1
2018-01-01,0,RO,18,18,1
2018-01-01,0,RR,1,1,1
2018-01-01,0,RS,358,358,1
2018-01-01,0,SC,298,298,1
2018-01-01,0,SE,19,19,1
2018-01-01,0,SP,2881,2881,1
2018-01-01,0,TO,16,16,1
2018-01-01,1,BA,1,224,0.004464285714285714
2018-01-01,1,MG,3,816,0.0036764705882352941
2018-01-01,1,MT,1,80,0.0125
2018-01-01,1,PR,1,359,0.0027855153203342618
2018-01-01,1,RJ,6,814,0.0073710073710073713
2018-01-01,1,SC,1,298,0.0033557046979865771
2018-01-01,1,SP,10,2881,0.0034710170079833391
2018-01-01,2,GO,2,143,0.013986013986013986
2018-01-01,2,MG,2,816,0.0024509803921568627
2018-01-01,2,PB,1,30,0.033333333333333333
2018-01-01,2,PR,1,359,0.0027855153203342618
2018-01-01,2,RJ,2,814,0.0024570024570024569
2018-01-01,2,RS,2,358,0.00558659217877095
2018-01-01,2,SP,15,2881,0.0052065255119750084
2018-01-01,3,BA,2,224,0.0089285714285714281
2018-01-01,3,GO,1,143,0.006993006993006993
2018-01-01,3,MG,1,816,0.0012254901960784314
2018-01-01,3,MT,1,80,0.0125
2018-01-01,3,PB,1,30,0.033333333333333333
2018-01-01,3,PR,2,359,0.0055710306406685237
2018-01-01,3,RJ,2,814,0.0024570024570024569
2018-01-01,3,RS,1,358,0.0027932960893854749
2018-01-01,3,SC,1,298,0.0033557046979865771
2018-01-01,3,SP,8,2881,0.0027768136063866713
2018-01-01,4,BA,2,224,0.0089285714285714281
2018-01-01,4,MG,3,816,0.0036764705882352941
2018-01-01,4,PE,1,100,0.01
2018-01-01,4,PR,1,359,0.0027855153203342618
2018-01-01,4,RJ,3,814,0.0036855036855036856
2018-01-01,4,RS,1,358,0.0027932960893854749
2018-01-01,4,SP,9,2881,0.0031239153071850054
2018-01-01,5,BA,2,224,0.0089285714285714281
2018-01-01,5,MG,1,816,0.0012254901960784314
2018-01-01,5,PR,1,359,0.0027855153203342618
2018-01-01,5,RJ,3,814,0.0036855036855036856
2018-01-01,5,SP,4,2881,0.0013884068031933356
2018-01-01,6,MG,3,816,0.0036764705882352941
2018-01-01,6,RJ,4,814,0.0049140049140049139
2018-01-01,6,RS,1,358,0.0027932960893854749
2018-01-01,6,SP,4,2881,0.0013884068031933356
2018-01-01,7,AL,1,35,0.028571428571428571
2018-01-01,7,ES,1,140,0.0071428571428571426
2018-01-01,7,GO,1,143,0.006993006993006993
2018-01-01,7,MG,2,816,0.0024509803921568627
2018-01-01,7,PA,1,67,0.014925373134328358
2018-01-01,7,PR,2,359,0.0055710306406685237
2018-01-01,7,RJ,1,814,0.0012285012285012285
2018-01-01,7,SC,1,298,0.0033557046979865771
2018-01-01,7,SP,6,2881,0.0020826102047900035
2018-02-01,0,AC,2,2,1
2018-02-01,0,AL,27,27,1
2018-02-01,0,AM,7,7,1
2018-02-01,0,AP,2,2,1
2018-02-01,0,BA,200,200,1
2018-02-01,0,CE,81,81,1
2018-02-01,0,DF,161,161,1
2018-02-01,0,ES,143,143,1
2018-02-01,0,GO,141,141,1
2018-02-01,0,MA,53,53,1
2018-02-01,0,MG,759,759,1
2018-02-01,0,MS,64,64,1
2018-02-01,0,MT,65,65,1
2018-02-01,0,PA,53,53,1
2018-02-01,0,PB,35,35,1
2018-02-01,0,PE,118,118,1
2018-02-01,0,PI,32,32,1
2018-02-01,0,PR,322,322,1
2018-02-01,0,RJ,845,845,1
2018-02-01,0,RN,22,22,1
2018-02-01,0,RO,12,12,1
2018-02-01,0,RR,3,3,1
2018-02-01,0,RS,345,345,1
2018-02-01,0,SC,248,248,1
2018-02-01,0,SE,14,14,1
2018-02-01,0,SP,2514,2514,1
2018-02-01,0,TO,19,19,1
2018-02-01,1,BA,1,200,0.005
2018-02-01,1,ES,1,143,0.006993006993006993
2018-02-01,1,MG,3,759,0.003952569169960474
2018-02-01,1,RJ,6,845,0.007100591715976331
2018-02-01,1,RS,1,345,0.0028985507246376812
2018-02-01,1,SP,10,2514,0.003977724741447892
2018-02-01,2,BA,1,200,0.005
2018-02-01,2,MG,6,759,0.0079051383399209481
2018-02-01,2,MS,1,64,0.015625
2018-02-01,2,PR,1,322,0.003105590062111801
2018-02-01,2,RJ,3,845,0.0035502958579881655
2018-02-01,2,RS,1,345,0.0028985507246376812
2018-02-01,2,SP,12,2514,0.00477326968973747
2018-02-01,3,MT,1,65,0.015384615384615385
2018-02-01,3,PR,1,322,0.003105590062111801
2018-02-01,3,RJ,5,845,0.0059171597633136093
2018-02-01,3,RS,2,345,0.0057971014492753624
2018-02-01,3,SP,10,2514,0.003977724741447892
2018-02-01,4,GO,1,141,0.0070921985815602835
2018-02-01,4,MG,2,759,0.002635046113306983
2018-02-01,4,MS,1,64,0.015625
2018-02-01,4,MT,1,65,0.015384615384615385
2018-02-01,4,RS,1,345,0.0028985507246376812
2018-02-01,4,SC,2,248,0.0080645161290322578
2018-02-01,4,SP,8,2514,0.0031821797931583136
2018-02-01,5,BA,1,200,0.005
2018-02-01,5,DF,1,161,0.0062111801242236021
2018-02-01,5,MS,1,64,0.015625
2018-02-01,5,RJ,2,845,0.0023668639053254438
2018-02-01,5,SP,9,2514,0.0035799522673031028
2018-02-01,6,DF,2,161,0.012422360248447204
2018-02-01,6,ES,1,143,0.006993006993006993
2018-02-01,6,MG,1,759,0.0013175230566534915
2018-02-01,6,PR,1,322,0.003105590062111801
2018-02-01,6,RJ,2,845,0.0023668639053254438
2018-02-01,6,SP,6,2514,0.0023866348448687352
2018-03-01,0,AC,2,2,1
2018-03-01,0,AL,27,27,1
2018-03-01,0,AM,8,8,1
2018-03-01,0,AP,5,5,1
2018-03-01,0,BA,227,227,1
2018-03-01,0,CE,93,93,1
2018-03-01,0,DF,142,142,1
2018-03-01,0,ES,130,130,1
2018-03-01,0,GO,139,139,1
2018-03-01,0,MA,47,47,1
2018-03-01,0,MG,824,824,1
2018-03-01,0,MS,57,57,1
2018-03-01,0,MT,50,50,1
2018-03-01,0,PA,66,66,1
2018-03-01,0,PB,39,39,1
2018-03-01,0,PE,105,105,1
2018-03-01,0,PI,34,34,1
2018-03-01,0,PR,359,359,1
2018-03-01,0,RJ,826,826,1
2018-03-01,0,RN,37,37,1
2018-03-01,0,RO,12,12,1
2018-03-01,0,RR,5,5,1
2018-03-01,0,RS,389,389,1
2018-03-01,0,SC,242,242,1
2018-03-01,0,SE,17,17,1
2018-03-01,0,SP,2869,2869,1
2018-03-01,0,TO,19,19,1
2018-03-01,1,BA,2,227,0.00881057268722467
2018-03-01,1,CE,1,93,0.010752688172043012
2018-03-01,1,ES,1,130,0.0076923076923076927
2018-03-01,1,MG,4,824,0.0048543689320388345
2018-03-01,1,PI,1,34,0.029411764705882353
2018-03-01,1,PR,1,359,0.0027855153203342618
2018-03-01,1,RJ,5,826,0.0060532687651331718
2018-03-01,1,SP,12,2869,0.0041826420355524571
2018-03-01,2,CE,1,93,0.010752688172043012
2018-03-01,2,GO,1,139,0.0071942446043165471
2018-03-01,2,PB,1,39,0.02564102564102564
2018-03-01,2,PR,1,359,0.0027855153203342618
2018-03-01,2,RJ,1,826,0.0012106537530266344
2018-03-01,2,RO,1,12,0.083333333333333329
2018-03-01,2,RS,3,389,0.0077120822622107968
2018-03-01,2,SP,11,2869,0.0038340885325897525
2018-03-01,3,BA,2,227,0.00881057268722467
2018-03-01,3,DF,1,142,0.0070422535211267607
2018-03-01,3,GO,1,139,0.0071942446043165471
2018-03-01,3,PA,1,66,0.015151515151515152
2018-03-01,3,PB,1,39,0.02564102564102564
2018-03-01,3,PR,1,359,0.0027855153203342618
2018-03-01,3,RJ,1,826,0.0012106537530266344
2018-03-01,3,SC,1,242,0.0041322314049586778
2018-03-01,3,SP,11,2869,0.0038340885325897525
2018-03-01,4,MG,1,824,0.0012135922330097086
2018-03-01,4,PR,1,359,0.0027855153203342618
2018-03-01,4,RJ,2,826,0.0024213075060532689
2018-03-01,4,SP,4,2869,0.0013942140118508191
2018-03-01,5,RJ,2,826,0.0024213075060532689
2018-03-01,5,RS,1,389,0.0025706940874035988
2018-03-01,5,SP,5,2869,0.0017427675148135239
2018-04-01,0,AC,3,3,1
2018-04-01,0,AL,27,27,1
2018-04-01,0,AM,6,6,1
2018-04-01,0,AP,5,5,1
2018-04-01,0,BA,206,206,1
2018-04-01,0,CE,95,95,1
2018-04-01,0,DF,143,143,1
2018-04-01,0,ES,138,138,1
2018-04-01,0,GO,126,126,1
2018-04-01,0,MA,46,46,1
2018-04-01,0,MG,753,753,1
2018-04-01,0,MS,42,42,1
2018-04-01,0,MT,60,60,1
2018-04-01,0,PA,63,63,1
2018-04-01,0,PB,26,26,1
2018-04-01,0,PE,108,108,1
2018-04-01,0,PI,32,32,1
2018-04-01,0,PR,370,370,1
2018-04-01,0,RJ,776,776,1
2018-04-01,0,RN,31,31,1
2018-04-01,0,RO,11,11,1
2018-04-01,0,RR,2,2,1
2018-04-01,0,RS,335,335,1
2018-04-01,0,SC,241,241,1
2018-04-01,0,SE,13,13,1
2018-04-01,0,SP,2898,2898,1
2018-04-01,0,TO,19,19,1
2018-04-01,1,ES,1,138,0.007246376811594203
2018-04-01,1,GO,3,126,0.023809523809523808
2018-04-01,1,MG,2,753,0.0026560424966799467
2018-04-01,1,MT,2,60,0.033333333333333333
2018-04-01,1,PR,1,370,0.0027027027027027029
2018-04-01,1,RJ,6,776,0.0077319587628865982
2018-04-01,1,RS,3,335,0.0089552238805970154
2018-04-01,1,SC,2,241,0.0082987551867219917
2018-04-01,1,SP,19,2898,0.006556245686680469
2018-04-01,2,CE,1,95,0.010526315789473684
2018-04-01,2,MG,1,753,0.0013280212483399733
2018-04-01,2,PE,1,108,0.0092592592592592587
2018-04-01,2,PR,1,370,0.0027027027027027029
2018-04-01,2,RJ,3,776,0.0038659793814432991
2018-04-01,2,SC,1,241,0.0041493775933609959
2018-04-01,2,SP,12,2898,0.004140786749482402
2018-04-01,3,GO,1,126,0.0079365079365079361
2018-04-01,3,MG,2,753,0.0026560424966799467
2018-04-01,3,PR,4,370,0.010810810810810811
2018-04-01,3,RJ,1,776,0.001288659793814433
2018-04-01,3,SC,1,241,0.0041493775933609959
2018-04-01,3,SP,7,2898,0.0024154589371980675
2018-04-01,4,MG,2,753,0.0026560424966799467
2018-04-01,4,SC,2,241,0.0082987551867219917
2018-04-01,4,SP,5,2898,0.001725327812284334
2018-05-01,0,AC,2,2,1
2018-05-01,0,AL,16,16,1
2018-05-01,0,AM,9,9,1
2018-05-01,0,AP,6,6,1
2018-05-01,0,BA,235,235,1
2018-05-01,0,CE,70,70,1
2018-05-01,0,DF,138,138,1
2018-05-01,0,ES,126,126,1
2018-05-01,0,GO,130,130,1
2018-05-01,0,MA,29,29,1
2018-05-01,0,MG,731,731,1
2018-05-01,0,MS,44,44,1
2018-05-01,0,MT,62,62,1
2018-05-01,0,PA,40,40,1
2018-05-01,0,PB,26,26,1
2018-05-01,0,PE,99,99,1
2018-05-01,0,PI,30,30,1
2018-05-01,0,PR,297,297,1
2018-05-01,0,RJ,782,782,1
2018-05-01,0,RN,22,22,1
2018-05-01,0,RO,15,15,1
2018-05-01,0,RR,1,1,1
2018-05-01,0,RS,336,336,1
2018-05-01,0,SC,219,219,1
2018-05-01,0,SE,8,8,1
2018-05-01,0,SP,3015,3015,1
2018-05-01,0,TO,14,14,1
2018-05-01,1,BA,1,235,0.00425531914893617
2018-05-01,1,DF,1,138,0.007246376811594203
2018-05-01,1,ES,3,126,0.023809523809523808
2018-05-01,1,GO,2,130,0.015384615384615385
2018-05-01,1,MG,5,731,0.0068399452804377564
2018-05-01,1,PI,1,30,0.033333333333333333
2018-05-01,1,RJ,3,782,0.0038363171355498722
2018-05-01,1,RS,2,336,0.0059523809523809521
2018-05-01,1,SP,16,3015,0.0053067993366500829
2018-05-01,2,BA,3,235,0.01276595744680851
2018-05-01,2,DF,1,138,0.007246376811594203
2018-05-01,2,GO,1,130,0.0076923076923076927
2018-05-01,2,MG,2,731,0.0027359781121751026
2018-05-01,2,PE,1,99,0.010101010101010102
2018-05-01,2,RJ,1,782,0.0012787723785166241
2018-05-01,2,SC,2,219,0.0091324200913242
2018-05-01,2,SP,6,3015,0.001990049751243781
2018-05-01,3,PI,1,30,0.033333333333333333
2018-05-01,3,PR,1,297,0.0033670033670033669
2018-05-01,3,SC,2,219,0.0091324200913242
2018-05-01,3,SP,8,3015,0.0026533996683250414
2018-06-01,0,AC,3,3,1
2018-06-01,0,AL,24,24,1
2018-06-01,0,AM,6,6,1
2018-06-01,0,AP,2,2,1
2018-06-01,0,BA,189,189,1
2018-06-01,0,CE,71,71,1
2018-06-01,0,DF,142,142,1
2018-06-01,0,ES,119,119,1
2018-06-01,0,GO,99,99,1
2018-06-01,0,MA,39,39,1
2018-06-01,0,MG,687,687,1
2018-06-01,0,MS,47,47,1
2018-06-01,0,MT,56,56,1
2018-06-01,0,PA,53,53,1
2018-06-01,0,PB,27,27,1
2018-06-01,0,PE,88,88,1
2018-06-01,0,PI,28,28,1
2018-06-01,0,PR,297,297,1
2018-06-01,0,RJ,680,680,1
2018-06-01,0,RN,35,35,1
2018-06-01,0,RO,11,11,1
2018-06-01,0,RR,5,5,1
2018-06-01,0,RS,295,295,1
2018-06-01,0,SC,198,198,1
2018-06-01,0,SE,24,24,1
2018-06-01,0,SP,2631,2631,1
2018-06-01,0,TO,18,18,1
2018-06-01,1,BA,5,189,0.026455026455026454
2018-06-01,1,DF,1,142,0.0070422535211267607
2018-06-01,1,MG,2,687,0.002911208151382824
2018-06-01,1,PR,1,297,0.0033670033670033669
2018-06-01,1,RJ,3,680,0.0044117647058823529
2018-06-01,1,RR,1,5,0.2
2018-06-01,1,SP,12,2631,0.0045610034207525657
2018-06-01,2,MG,3,687,0.0043668122270742356
2018-06-01,2,RJ,1,680,0.0014705882352941176
2018-06-01,2,RS,2,295,0.0067796610169491523
2018-06-01,2,SC,1,198,0.0050505050505050509
2018-06-01,2,SP,8,2631,0.003040668947168377
2018-07-01,0,AC,4,4,1
2018-07-01,0,AL,22,22,1
2018-07-01,0,AM,18,18,1
2018-07-01,0,AP,6,6,1
2018-07-01,0,BA,234,234,1
2018-07-01,0,CE,82,82,1
2018-07-01,0,DF,159,159,1
2018-07-01,0,ES,120,120,1
2018-07-01,0,GO,105,105,1
2018-07-01,0,MA,38,38,1
2018-07-01,0,MG,619,619,1
2018-07-01,0,MS,48,48,1
2018-07-01,0,MT,46,46,1
2018-07-01,0,PA,56,56,1
2018-07-01,0,PB,50,50,1
2018-07-01,0,PE,132,132,1
2018-07-01,0,PI,32,32,1
2018-07-01,0,PR,304,304,1
2018-07-01,0,RJ,663,663,1
2018-07-01,0,RN,28,28,1
2018-07-01,0,RO,16,16,1
2018-07-01,0,RR,4,4,1
2018-07-01,0,RS,297,297,1
2018-07-01,0,SC,189,189,1
2018-07-01,0,SE,24,24,1
2018-07-01,0,SP,2626,2626,1
2018-07-01,0,TO,22,22,1
2018-07-01,1,BA,1,234,0.0042735042735042739
2018-07-01,1,GO,1,105,0.0095238095238095247
2018-07-01,1,MG,3,619,0.0048465266558966073
2018-07-01,1,PR,2,304,0.0065789473684210523
2018-07-01,1,RJ,4,663,0.0060331825037707393
2018-07-01,1,RS,1,297,0.0033670033670033669
2018-07-01,1,SC,2,189,0.010582010582010581
2018-07-01,1,SE,1,24,0.041666666666666664
2018-07-01,1,SP,16,2626,0.0060929169840060931
2018-08-01,0,AC,3,3,1
2018-08-01,0,AL,15,15,1
2018-08-01,0,AM,4,4,1
2018-08-01,0,AP,2,2,1
2018-08-01,0,BA,157,157,1
2018-08-01,0,CE,54,54,1
2018-08-01,0,DF,141,141,1
2018-08-01,0,ES,100,100,1
2018-08-01,0,GO,113,113,1
2018-08-01,0,MA,29,29,1
2018-08-01,0,MG,680,680,1
2018-08-01,0,MS,35,35,1
2018-08-01,0,MT,39,39,1
2018-08-01,0,PA,42,42,1
2018-08-01,0,PB,28,28,1
2018-08-01,0,PE,81,81,1
2018-08-01,0,PI,19,19,1
2018-08-01,0,PR,313,313,1
2018-08-01,0,RJ,693,693,1
2018-08-01,0,RN,20,20,1
2018-08-01,0,RO,8,8,1
2018-08-01,0,RS,279,279,1
2018-08-01,0,SC,192,192,1
2018-08-01,0,SE,22,22,1
2018-08-01,0,SP,3056,3056,1
2018-08-01,0,TO,13,13,1
